,Ponderation,Plane,3D,Injection ,Saturation,b (DWI),Observation,
+/- SAG T1 GADO,T1,Sag,,1,,0,,
<MPR Zone>,,,,,,,screenshot,
3 PLANS LOC,,,,,,,loc,
3D DYN 4s ovaire,T1,,3D,1,,,perfusion,
3D DYN EURADVAL,T1,,3D,1,,,perfusion,
3D DYN euradval,T1,,3D,1,,,perfusion,
3Plane Loc,,,,,,,loc,
3-Plane Loc,,,,,,,loc,
Apparent Diffusion Coefficient (mm?/s),,,,,,ADC,,
Apparent Diffusion Coefficient (mm2/s),,,,,,ADC,,
Apparent Diffusion Coefficient (mm≤/s),,,,,,ADC,,
Apparent Diffusion Coefficient (mm≤/s) Jun 27 2014 16-50-03,,,,,,ADC,,
Apparent Diffusion Coefficient (mm≤/s) Sep 25 2014 11-43-18,,,,,,ADC,,
AW electronic film,,,,,,,screenshot,
Ax LAVA Tardif,T1,Ax,3D,1,,,,
AX T2 new 3 MM,T2,Ax,,,,,,
Ax T2 new 3mm,T2,Ax,,,,,,
AX T2 new 3mm,T2,Ax,,,,,,
Ax 2D ganglions,T2,Ax,,,,,,
AX 3D T1,T1,Ax,3D,,,,,
Ax 3D T1,T1,Ax,3D,,,,,
AX 3D T1 FAT SAT,T1,Ax,3D,,1,,,
Ax 3D T1 FS,T1,Ax,3D,,1,,,
AX DIFF B 1200,DWI,Ax,,,,1200,,
AX DIFF B 500,DWI,Ax,,,,500,,
Ax Diff b=1200,DWI,Ax,,,,1200,,
AX DIFF B0,DWI,Ax,,,,0,,
AX diff b0_b1000,DWI,Ax,,,,1000,,
AX diff b0_b1000_ADC,DWI,Ax,,,,ADC,,
AX diff b0_b1200,DWI,Ax,,,,1200,,
AX diff b0_b1200_ADC,DWI,Ax,,,,ADC,,
AX DIFF B1000,DWI,Ax,,,,1000,,
AX DIFF b1000 large,DWI,Ax,,,,1000,,
AX DIFF B1200,DWI,Ax,,,,1200,,
AX DIFF b1200 large,DWI,Ax,,,,1200,,
AX DIFF B1400,DWI,Ax,,,,1400,,
Ax DIFF GATING b1000,DWI,Ax,,,,1000,,
Ax Diff PELVIS,DWI,Ax,,,,,,
AX DIFF PELVIS RESPI LIBREB1000,DWI,Ax,,,,1000,,
AX DIFF PERPEN CORPS,DWI,Ax,,,,,,
AX DIFFUSION b 1000,DWI,Ax,,,,1000,,
Ax DWI,DWI,Ax,,,,,,
Ax DWI B 1000,DWI,Ax,,,,1000,,
Ax DWI b1000,DWI,Ax,,,,1000,,
Ax DWI B1000 abdo trigger,DWI,Ax,,,,1000,,
Ax DWI B1000 pelvis,DWI,Ax,,,,1000,,
Ax DWI B1000 pelvis,DWI,Ax,,,,1000,,
Ax DWI b1000 Tetra,DWI,Ax,,,,1000,,
Ax DWI b1200,DWI,Ax,,,,1200,,
Ax DWI b1200 Tetra,DWI,Ax,,,,1200,,
AX DWI B1300 pelvis,DWI,Ax,,,,1300,,
Ax DWI B1300 pelvis,DWI,Ax,,,,1300,,
AX DWI B300 RESPI LENTE,DWI,Ax,,,,300,,
AX DWI B600 RESPI LENTE,DWI,Ax,,,,600,,
Ax DWI FOCUS b1200 PERP,DWI,Ax,,,,1200,,
Ax DWI sequentiel b600,DWI,Ax,,,,600,,
AX DYN LAVA 10 SEC,T1,Ax,3D,1,,,perfusion,
AX DYN LAVA 5SEC,T1,Ax,3D,1,,,perfusion,
Ax FIESTA FS,mixte,Ax,,1,,,,
Ax FIESTA poussÈe mAx,mixte,Ax,,1,,,,
AX FIESTA REINS,mixte,Ax,,1,,,,
Ax IPOP EXPI,T1,Ax,,,,,,
Ax LAVA DYN,T1,Ax,3D,1,,,perfusion,
Ax LAVA DYN rapide,T1,Ax,3D,1,,,perfusion,
Ax LAVA EXPI,T1,Ax,3D,,,,,
Ax LAVA PerfOVAIRE,T1,Ax,3D,1,,,perfusion,
Ax LAVA PerfOVAIRE TEST,T1,Ax,3D,1,,,perfusion,
Ax LAVA Perfusion Multiphase,T1,Ax,3D,1,,,perfusion,
Ax LAVA Tardif,T1,Ax,3D,1,,,,
Ax LAVA tardif hr,T1,Ax,3D,1,,,,
Ax LAVA-XV tardif,T1,Ax,3D,1,,,,
Ax Perf OVAIRE,T1,Ax,,1,,,perfusion,
Ax Perfusion 3Dfspgr 54c,T1,Ax,3D,1,,,perfusion,
Ax SSFSE,T1,Ax,,,,,,
Ax SSFSE APNEE,T1,Ax,,,,,,
Ax SSFSE APNEE ganglions,T1,Ax,,,,,,
Ax SSFSE GANGLIONS,T1,Ax,,,,,,
Ax T1 FSE,T1,Ax,,,,,,
Ax T1 FSE fatsat,T1,Ax,,,1,,,
AX T1 FSPGR,T1,Ax,,,,,,
Ax T1 FSPGR ABDO,T1,Ax,,,,,,
AX T1 FSPGR APNEE,T1,Ax,,,,,,
Ax T1 FSPGR Apnee,T1,Ax,,,,,,
Ax T1 FSPGR Apnee BAS,T1,Ax,,,,,,
Ax T1 FSPGR Apnee GADO,T1,Ax,,1,,,,
Ax T1 FSPGR Apnee gado,T1,Ax,,1,,,,
AX T1 FSPGR APNEE GADO,T1,Ax,,1,,,,
Ax T1 FSPGR Apnee HAUT,T1,Ax,,,,,,
Ax T1 FSPGR Apnee HAUT GADO,T1,Ax,,1,,,,
AX T1 FSPGR FS,T1,Ax,,,1,,,
Ax T1 FSPGR FS Apnee,T1,Ax,,,1,,,
Ax T1 FSPGR FS Apnee BAS GADO,T1,Ax,,1,1,,,
Ax T1 FSPGR FS Apnee gado,T1,Ax,,1,1,,,
Ax T1 FSPGR FS Apnee GADO,T1,Ax,,1,1,,,
Ax T1 FSPGR FS ApneeGADO,T1,Ax,,1,1,,,
Ax T1 FSPGR FS ABDO,T1,Ax,,,1,,,
AX T1 FSPGR FS APNEE,T1,Ax,,,1,,,
Ax T1 FSPGR FS Apnee,T1,Ax,,,1,,,
Ax T1 FSPGR FS Apnee gado,T1,Ax,,1,1,,,
AX T1 FSPGR FS APNEE GADO,T1,Ax,,1,1,,,
Ax T1 FSPGR FS Apnee GADO,T1,Ax,,1,1,,,
Ax T1 FSPGR FS ApneeGADO,T1,Ax,,1,1,,,
AX T1 FSPGR FS GADO,T1,Ax,,1,1,,,
Ax T1 FSPGR FS Gado Apnee,T1,Ax,,1,1,,,
Ax T1 FSPGR FS Gado Apnee GADO HAUT,T1,Ax,,1,1,,,
Ax T1 FSPGR GADO,T1,Ax,,1,,,,
Ax T1 FSPGR Gado Apnee,T1,Ax,,1,,,,
Ax T1 FSPGR GADO Apnee,T1,Ax,,1,,,,
AX T1 FSPGR PERF,T1,Ax,,1,,,perfusion,
Ax T1 FSPGR Perf 54c 16s,T1,Ax,,1,,,perfusion,
AX T1 FSPGR PERF 54sec 16s,T1,Ax,,1,,,perfusion,
Ax T1 GADO FS,T1,Ax,,1,1,,,
AX T2,T2,Ax,,,,,,
Ax T2,T2,Ax,,,,,,
Ax T2 ABDO PELVIS,T2,Ax,,,,,,
AX T2 3mm,T2,Ax,,,,,,
Ax T2 4mm NEW,T2,Ax,,,,,,
AX T2 4mm NEW,T2,Ax,,,,,,
Ax T2 ABDO PELV,T2,Ax,,,,,,
Ax T2 ABDOPELV NEW,T2,Ax,,,,,,
AX T2 ABDOPELV NEW,T2,Ax,,,,,,
Ax T2 COUPES FINES,T2,Ax,,,,,,
AX T2 CPES FINES,T2,Ax,,,,,,
AX T2 CPES FINES PERPEN CORPS,T2,Ax,,,,,,
Ax T2 fat sat APNEE,T2,Ax,,,1,,,
AX T2 fin 3mm,T2,Ax,,,,,,
AX T2 fin 3mm arc,T2,Ax,,,,,,
Ax T2 fines obl,T2,Ax,,,,,,
Ax T2 fines obliques sur col,T2,Ax,,,,,,
Ax T2 FRFSE,T2,Ax,,,,,,
Ax T2 GATING ABDO,T2,Ax,,,,,,
Ax T2 new 3mm,T2,Ax,,,,,,
Ax T2 new 3mm,T2,Ax,,,,,,
AX T2 new 3mm,T2,Ax,,,,,,
AX T2 new 4mm,T2,Ax,,,,,,
AX T2 PELVIS RESPI LIBRE,T2,Ax,,,,,,
Ax T2 PROP 3mm PERPEN CORPS,T2,Ax,,,,,,
Ax T2 PROP 3mm US,T2,Ax,,,,,,
Ax T2 PROPELLER,T2,Ax,,,,,,
AX T2 PROPELLER,T2,Ax,,,,,,
AX T2 PROPELLER LARGE,T2,Ax,,,,,,
Ax T2 PROPELLER 3mm,T2,Ax,,,,,,
Ax T2 PROPELLER 4mm,T2,Ax,,,,,,
Ax T2 PROPELLER 5mm,T2,Ax,,,,,,
Ax T2 PROPELLER abdo trigger,T2,Ax,,,,,,
Ax T2 PROPELLER C,T2,Ax,,,,,,
Ax T2 PROPELLER large,T2,Ax,,,,,,
Ax T2 PROPELLER pelvis,T2,Ax,,,,,,
AX T2 PROPELLER TEST,T2,Ax,,,,,,
Ax T2 PROPELLER Uretre,T2,Ax,,,,,,
Ax T2 PROPELLER US,T2,Ax,,,,,,
Ax T2 REINS,T2,Ax,,,,,,
AX T2 SSFSE,T2,Ax,,,,,,
Ax T2 SSFSE,T2,Ax,,,,,,
Ax T2 SSFSE Expi,T2,Ax,,,,,,
Ax T2 strict,T2,Ax,,,,,,
Ax T2 TEcourt fs 2APNEES,T2,Ax,,,1,,,
AX TRUFFI GG (ApnÈe),T2,Ax,,,,,,
Axial perf fspgr,T1,Ax,,1,,,perf,
AxT2,T2,Ax,,,,,,
AxT2 Abdo Pelv,T2,Ax,,,,,,
AxT2 complement,T2,Ax,,,,,,
AXT2 PROPELLER,T2,Ax,,,,,,
Cal Body 24 AA1,,,,,,,loc,
Cal Body 24 AA2,,,,,,,loc,
Cal Body 36 a choisir,,,,,,,loc,
Cal Body 36 AA1,,,,,,,loc,
Cal Body 36 AA2,,,,,,,loc,
Cal Body 48 AA,,,,,,,loc,
CALIB,,,,,,,loc,
Calib∞,,,,,,,loc,
Calibration,,,,,,,loc,
Calibration full,,,,,,,loc,
Cor 2D FIESTA FatSat,mixte,Cor,,,1,,,
COR DYN 3S OK FREY PERROT,T1,Cor,,1,,,perf,
Cor Fiesta FS EXPI,mixte,Cor,,,1,,,
cor LAVA-XV TARDIF,T1,Cor,3D,1,,,,
Cor SSFSE APN…E,T2,Cor,,,,,,
COR SSFSE REINS,T2,Cor,,,,,,
Cor T2,T2,Cor,,,,,,
Cor T2 PROPELLER,T2,Cor,,,,,,
COR T2 PROPELLER,T2,Cor,,,,,,
Cor FIESTA,mixte,Cor,,,1,,,
CORO FIESTA FS APNEE,mixte,Cor,,,1,,,
CORO FS LAVA IV APNEE,T1,Cor,3D,1,1,,,
Cor perf fspgr,T1,Cor,,1,,,perf,
CORO T2,T2,Cor,,,,,,
Cor T2 4mm NEW,T2,Cor,,,,,,
CORO T2 4mm NEW,T2,Cor,,,,,,
CORO T2 new 3mm,T2,Cor,,,,,,
Cor T2 new 3mm,T2,Cor,,,,,,
CORO T2 new 3mm arc,T2,Cor,,,,,,
CORO T2 OBLIQUE,T2,Cor,,,,,,
CORO T2 PELVIS,T2,Cor,,,,,,
CORO T2 PROPELLER,T2,Cor,,,,,,
Cor T2 PROPELLER,T2,Cor,,,,,,
Cor T2 PROPELLER 4mm,T2,Cor,,,,,,
Cor T2 SSFSE reins,T2,Cor,,,,,,
Cornal Gado,T1,Cor,,1,,,,
courbe dynamique,,,,,,,screenshot,
dadc,DWI,,,,,ADC,,
dadc B0 B1200 SENSE,DWI,,,,,ADC,1200,
DIFF AXIAL b0 500 1200 5mm HAUT_ADC_DFC_MIX,DWI,Ax,,,,ADC,500,1200
DIFF AXIAL b0 500 1200 5mm HAUT_TRACEW_DFC_MIX,DWI,Ax,,,,,500,1200
DIFF AXIAL b0 500 1200 5mm_ADC_DFC_MIX,DWI,Ax,,,,ADC,500,1200
DIFF AXIAL b0 500 1200 5mm_DYNDIST_MIX,DWI,Ax,,,,,500,1200
DIFF AXIAL b0 500 1200 5mm_DYNDIST_MIX_ADC,DWI,Ax,,,,,500,1200
DIFF AXIAL b0 500 1200 5mm_TRACEW_DFC_MIX,DWI,Ax,,,,,500,1200
diff B0 B1200,DWI,,,,,,1200,
DYN T1 EG VIBE,T1,,3D,1,,,perf,
DYN T1 EG VIBE_SUB,T2,,3D,1,,,soustraction,
eadc,DWI,,,,,ADC,,
eadc B0 B1200 SENSE,DWI,,,,,ADC,,
Enhancement Integral -,DWI,,,,,ADC,,
Exponential Apparent Diffusion Coefficient,DWI,,,,,ADC,,
FAT 3D T1 gADO,T1,,3D,1,,,water sat,
FAT 3D T1 gado,T1,,3D,1,,,water sat,
FAT 3D T1 gd ch,T1,,3D,,,,water sat,
FAT 3D T1 gd ch GA,T1,,3D,1,,,water sat,
FAT 3D T1 gd ch gado,T1,,3D,1,,,water sat,
FAT 3D T1 gd ch GADO,T1,,3D,1,,,water sat,
FAT 3D T1 gd ch,T1,,3D,,,,water sat,
FAT 3D T1 gd ch gado,T1,,3D,1,,,water sat,
FAT 3D T1 gd ch GADO,T1,,3D,1,,,water sat,
FAT 3D T1 pt chp,T1,,3D,,,,water sat,
FAT 3D T1 pt chp GADO,T1,,3D,1,,,water sat,
FAT Ax LAVA HR-FLEX IV-,T1,Ax,3D,,,,water sat,
FAT Ax LAVA HR-FLEX TARDIF,T1,Ax,3D,1,,,water sat,
FAT Ax LAVA-FLEX,T1,Ax,3D,,,,water sat,
FAT AX LAVA-Flex,T1,Ax,3D,,,,water sat,
FAT Ax LAVA-Flex GADO,T1,Ax,3D,1,,,water sat,
FAT AX LAVA-Flex gado,T1,Ax,3D,1,,,water sat,
FAT Ax LAVA-Flex gado,T1,Ax,3D,1,,,water sat,
FAT Ax LAVA-FLEX gado,T1,Ax,3D,1,,,water sat,
FAT Ax LAVA-Flex HR,T1,Ax,3D,,,,water sat,
FAT Ax LAVA-FLEX HR 2014,T1,Ax,3D,,,,water sat,
FAT Ax LAVA-Flex HR GADO,T1,Ax,3D,1,,,water sat,
FAT Ax LAVA-FLEX IV,T1,Ax,3D,,,,water sat,
FAT Ax LAVA-FLEX IV-,T1,Ax,3D,,,,water sat,
FAT Ax LAVA-Flex NPW GADO,T1,Ax,3D,1,,,water sat,
FAT Ax LAVA-Flex PELVIS,T1,Ax,3D,,,,water sat,
FAT Ax LAVA-Flex rapide,T1,Ax,3D,,,,water sat,
FAT Ax LAVA-Flex rapide GADO,T1,Ax,3D,1,,,water sat,
FAT Cor LAVA-Flex Gado,T1,Cor,3D,1,,,water sat,
FAT GADO Ax LAVA-FLEX,T1,,3D,1,,,water sat,
FAT Sag LAVA-Flex gado,T1,Sag,3D,1,,,water sat,
FAT SAG LAVA-Flex TARDIF,T1,Sag,3D,1,,,water sat,
FAT AX 3D T1 FLEX,T1,Ax,3D,,,,water sat,
FAT AX 3D T1 FLEX GADO,T1,Ax,3D,1,,,water sat,
FAT Ax IPOP FLEX,T1,Ax,,,,,water sat,
FAT Ax LAVA-FLEX,T1,Ax,3D,,,,water sat,
FAT Ax LAVA-Flex DYN,T1,Ax,3D,1,,,water sat,
FAT Ax LAVA-Flex TARDIF,T1,Ax,3D,1,,,water sat,
FAT corLAVA-Flex Tardif,T1,Cor,3D,1,,,water sat,
FAT Cor LAVA-Flex TARDIF,T1,Cor,3D,1,,,water sat,
FAT GADO Ax LAVA-FLEX,T1,Ax,3D,1,,,water sat,
FAT Ph1/Ax LAVA-Flex DYN,T1,Ax,3D,1,,,water sat,
FAT Ph2/Ax LAVA-Flex DYN,T1,Ax,3D,1,,,water sat,
FAT Ph3/Ax LAVA-Flex DYN,T1,Ax,3D,1,,,water sat,
FL B/Sag Cube T2 1mm,T2,Sag,3D,,,,,
FL B/Sag CUBE T2 pelvis,T2,Sag,3D,,,,,
FL C/Ax T1 FSPGR Perf 54c 16s,T1,Ax,,1,,,perf,
Fusion T2 DWI,,,,,,,screenshot,
Images traitÈes,,,,,,,screenshot,
IMPAX Volume Viewing,,,,,,,screenshot,
InPhase 3D T1 gADO,T1,,3D,1,,,,
InPhase 3D T1 gado,T1,,3D,1,,,,
InPhase 3D T1 gd ch,T1,,3D,,,,,
InPhase 3D T1 gd ch GA,T1,,3D,1,,,,
InPhase 3D T1 gd ch gado,T1,,3D,1,,,,
InPhase 3D T1 gd ch GADO,T1,,3D,1,,,,
InPhase 3D T1 gd ch,T1,,3D,,,,,
InPhase 3D T1 gd ch gado,T1,,3D,1,,,,
InPhase 3D T1 gd ch GADO,T1,,3D,1,,,,
InPhase 3D T1 pt chp,T1,,3D,,,,,
InPhase 3D T1 pt chp GADO,T1,,3D,1,,,,
InPhase Ax LAVA HR-FLEX IV-,T1,Ax,3D,,,,,
InPhase Ax LAVA HR-FLEX TARDIF,T1,Ax,3D,1,,,,
InPhase Ax LAVA-FLEX,T1,Ax,3D,,,,,
InPhase Ax LAVA-Flex,T1,Ax,3D,,,,,
InPhase AX LAVA-Flex,T1,Ax,3D,,,,,
InPhase Ax LAVA-Flex gado,T1,Ax,3D,1,,,,
InPhase Ax LAVA-Flex GADO,T1,Ax,3D,1,,,,
InPhase AX LAVA-Flex gado,T1,Ax,3D,1,,,,
InPhase Ax LAVA-Flex HR,T1,Ax,3D,,,,,
InPhase Ax LAVA-FLEX HR 2014,T1,Ax,3D,,,,,
InPhase Ax LAVA-Flex HR GADO,T1,Ax,3D,1,,,,
InPhase Ax LAVA-Flex HR gado,T1,Ax,3D,1,,,,
InPhase Ax LAVA-FLEX IV-,T1,Ax,3D,,,,,
InPhase Ax LAVA-Flex PELVIS,T1,Ax,3D,,,,,
InPhase Ax LAVA-Flex rapide,T1,Ax,3D,,,,,
InPhase Ax LAVA-Flex rapide GADO,T1,Ax,3D,1,,,,
InPhase Cor LAVA-Flex Gado,T1,Cor,3D,1,,,,
InPhase Sag LAVA-Flex gado,T1,Sag,3D,1,,,,
InPhase SAG LAVA-Flex TARDIF,T1,Sag,3D,1,,,,
InPhase WATER 3D T1 gd ch gado,T1,,3D,1,1,,,
InPhase AX 3D T1 FLEX,T1,Ax,3D,,,,,
InPhase AX 3D T1 FLEX GADO,T1,Ax,3D,1,,,,
InPhase Ax IPOP FLEX,T1,Ax,,,,,,
InPhase Ax LAVA-FLEX,T1,Ax,3D,,,,,
KEY_IMAGES,,,,,,,screenshot,
LAVA perf GADO XV,T1,,3D,1,,,perf,
LOC,,,,,,,loc,
LOC mesSage erreur propeller,,,,,,,loc,
LOCA HASTE,,,,,,,loc,
Localizer,,,,,,,loc,
LOCALIZER,,,,,,,loc,
LOCALIZER BOT,,,,,,,loc,
MAximum Slope of Decrease -,,,,,,,screenshot,
MAximum Slope of Increase -,,,,,,,screenshot,
Myrian(r) 64 Carte ADC (par rÈgression) 2 B,,,,,,ADC,,
New,,,,,,,screenshot,
New 1,,,,,,,screenshot,
New 2,,,,,,,screenshot,
New 3,,,,,,,screenshot,
New 4,,,,,,,screenshot,
Nth - 1st,,,,,,,substraction,
OutPhase Ax LAVA HR-FLEX IV-,,Ax,3D,,,,OP,
OutPhase AX LAVA-Flex,,Ax,3D,,,,OP,
OutPhase Ax LAVA-Flex,,Ax,3D,,,,OP,
OutPhase Ax LAVA-FLEX,,Ax,3D,,,,OP,
OutPhase Ax LAVA-Flex GADO,,Ax,3D,1,,,OP,
OutPhase Ax LAVA-Flex gado,,Ax,3D,1,,,OP,
OutPhase AX LAVA-Flex gado,,Ax,3D,1,,,OP,
OutPhase Ax LAVA-FLEX HR 2014,,Ax,3D,,,,OP,
OutPhase Ax LAVA-FLEX IV-,,Ax,3D,,,,OP,
OutPhase Ax LAVA-Flex PELVIS,,Ax,3D,,,,OP,
OutPhase Ax LAVA-Flex rapide,,Ax,3D,,,,OP,
OutPhase Ax LAVA-Flex rapide GADO,,Ax,3D,1,,,OP,
OutPhase Cor LAVA-Flex Gado,,Cor,3D,1,,,OP,
OutPhase Sag LAVA-Flex gado,,Sag,3D,1,,,OP,
OutPhase SAG LAVA-Flex TARDIF,,Sag,3D,1,,,OP,
OutPhase Ax IPOP FLEX,,Ax,,,,,OP,
OutPhase Ax LAVA-FLEX,,Ax,3D,,,,OP,
Perf INJ 4eme TPS,T1,,,1,,,perf,
Perfusion,T1,,,1,,,perf,
Ph1/Ax LAVA DYN,T1,Ax,3D,1,,,,
Ph1/Ax LAVA DYN rapide,T1,Ax,3D,1,,,,
Ph1/Ax LAVA EXPI,T1,Ax,3D,1,,,,
Ph1/Sag LAVA Dyn Gado,T1,Sag,3D,1,,,,
Ph2/Ax LAVA DYN,T1,Ax,3D,1,,,,
Ph2/Ax LAVA DYN rapide,T1,Ax,3D,1,,,,
Ph2/Ax LAVA EXPI,T1,Ax,3D,1,,,,
Ph2/Sag LAVA Dyn Gado,T1,Sag,3D,1,,,,
Ph3/Ax LAVA DYN,T1,Ax,3D,1,,,,
Ph3/Ax LAVA DYN rapide,T1,Ax,3D,1,,,,
Ph3/Ax LAVA EXPI,T1,Ax,3D,1,,,,
Ph3/Sag LAVA Dyn Gado,T1,Sag,3D,1,,,,
Ph4/Sag LAVA Dyn Gado,T1,Sag,3D,1,,,,
Processed Images,,,,,,,screenshot,
Reformatted,,,,,,,,
Reg - diff B0 B1200 SENSE,DWI,,,,,1200,,
Rep 3Plans EXPI,,,,,,,loc,
REPERAGE,,,,,,,loc,
RESULTS_OLEA_ANALYSIS,,,,,,,capture,
SAG LAVA HR TARDIF HR,T1,Sag,3D,1,,,,
SAG LAVA TARDIF HR,T1,Sag,3D,1,,,,
Sag Cube T2 1mm,T2,Sag,3D,,,,,
Sag CUBE T2 pelvis,T2,Sag,3D,,,,,
SAG DIFF B1000,DWI,Sag,,,,1000,,
SAG DIFF B1400,DWI,Sag,,,,1400,,
SAG DWI b1200,DWI,Sag,,,,1200,,
Sag DWI b1200,DWI,Sag,,,,1200,,
SAG DYN LAVA 10 SEC,T1,Sag,3D,1,,,perf,
Sag DYN LAVA 5SEC,T1,Sag,3D,1,,,perf,
SAG FSE T1 GADO,T1,Sag,,1,,,,
Sag LAVA Dyn Gado,T1,Sag,3D,1,,,perf,
SAG LAVA FLEX TARDIF,T1,Sag,3D,1,,,,
Sag LAVA Tardif,T1,Sag,3D,1,,,,
Sag LAVA tardif hr,T1,Sag,3D,1,,,,
SAG Perfusion 3Dfspgr 54c,T1,Sag,3D,1,,,perf,
SAG rep FIESTA,,,,,,,loc,
SAG T1 FSE,T1,Sag,,,,,,
Sag T1 FSE,T1,Sag,,,,,,
Sag T1 FSPGR Apnee,T1,Sag,,,,,,
Sag T1 FSPGR Apnee gado,T1,Sag,,1,,,,
Sag T1 FSPGR Apnee GADO,T1,Sag,,1,,,,
Sag T1 FSPGR FS Apnee,T1,Sag,,,1,,,
Sag T1 FSPGR FS Apnee gado,T1,Sag,,1,1,,,
Sag T1 FSPGR FS Apnee GADO,T1,Sag,,1,1,,,
Sag T1 FSPGR FS GADO,T1,Sag,,1,1,,,
Sag T1 FSPGR FS Gado Apnee,T1,Sag,,1,1,,,
Sag T1 SE BAS,T1,Sag,,,,,,
Sag T1 SE BAS FS,T1,Sag,,,1,,,
Sag T1 SE BASFS GADO,T1,Sag,,1,,,,
SAG T2,T2,Sag,,,,,,
Sag T2,T2,Sag,,,,,,
SAG T2 4 MM NEW,T2,Sag,,,,,,
Sag T2 4mm,T2,Sag,,,,,,
Sag T2 4mm NEW,T2,Sag,,,,,,
SAG T2 4mm NEW,T2,Sag,,,,,,
Sag T2 BAS,T2,Sag,,,,,,
Sag T2 FRFSE,T2,Sag,,,,,,
Sag T2 FRFSE rapide,T2,Sag,,,,,,
Sag T2 FS BAS,T2,Sag,,,,,,
Sag T2 FSE.XL,T2,Sag,,,,,,
Sag T2 NEW,T2,Sag,,,,,,
Sag T2 new 3mm,T2,Sag,,,,,,
Sag T2 new 3mm arc,T2,Sag,,,,,,
Sag T2 PELVIS,T2,Sag,,,,,,
Sag T2 PROPELLER,T2,Sag,,,,,,
SAG T2 PROPELLER,T2,Sag,,,,,,
SAG T2 PROPELLER GAUCHE,T2,Sag,,,,,,
Sag T2 rapide 4mm,T2,Sag,,,,,,
Sag T2 SSFSE m-phase,T2,Sag,,,,,,
Screen Save,,,,,,,screenshot,
SCREENSAVE,,,,,,,screenshot,
SEGMENTATION_OLEA_COMPUTED,,,,,,,screenshot,
SEQUENCE URTERE,,,,,,,,
st1 spir SENSE SHORT,T1,,,,1,,,
SURFACE_SEGMENTATION_OLEA_COMPUTED,,,,,,,screenshot,
survey,,,,,,,loc,
survey XL TORSO,,,,,,,loc,
surveyCARDIA,,,,,,,loc,
T1 AX PERF A UTILISER (DCE) 14.3s 20 MESURES 15.6 CM,T1,Ax,,1,,,perf,
T1 spir AX,T1,Ax,,,1,,,
T1 spir AX GADO,T1,Ax,,1,1,,,
T1 TSE,T1,,,,,,,
T1 TSE AX,T1,Ax,,,,,,
T1 TSE AX FS,T1,Ax,,,1,,,
T1 TSE AX FS GADO,T1,Ax,,1,1,,,
T1 TSE CORO FS,T1,Cor,,,1,,,
T1 TSE CORO FS_FIL,T1,Cor,,,1,,,
T1 TSE FS CORO PAT AP_ORIG,T1,Cor,,,1,,,
T1 TSE FS SAG PAT AP_ORIG,T1,Sag,,,1,,,
T1 TSE SAG FS,T1,Sag,,,1,,,
T1 TSE SAG FS_FIL,T1,Sag,,,1,,,
T1 TSE SPIR,T1,,,,1,,,
T1 TSE TRA,T1,,,,,,,
T1 TSE TRA FS,T1,,,,1,,,
T1 TSE TRA FS_FIL,T1,,,,1,,,
T1 TSE TRA PAT FS_ORIG,T1,,,,1,,,
T1 TSE TRA PAT_ORIG,T1,,,,,,,
T1 TSE TRA_FIL,T1,,,,,,,
t2 50 coupes,T2,,,,,,,
t2 AX 6,T2,Ax,,,,,,
t2 hr 3mm Sag,T2,Sag,,,,,,
t2 hr 4mm Sag flip160,T2,Sag,,,,,,
T2 AX,T2,Ax,,,,,,
T2 AX_FIL,T2,Ax,,,,,,
T2 CORO,T2,Cor,,,,,,
T2 CORO BLADE,T2,Cor,,,,,,
T2 CORO BLADE_FIL,T2,Cor,,,,,,
T2 CORO_FIL,T2,Cor,,,,,,
t2 hr 3mm AX OBLIQUE,T2,Ax,,,,,,
T2 SAG BLADE,T2,Sag,,,,,,
T2 SAG BLADE_FIL,T2,Sag,,,,,,
t2 SAG TE110,T2,Sag,,,,,,
T2 TRA BLADE,T2,,,,,,,
T2 TRA BLADE_FIL,T2,,,,,,,
T2 TRA BLADE_FIL_1,T2,,,,,,,
T2 TRA TE110,T2,,,,,,,
T2 TSE 3mm AX,T2,Ax,,,,,,
T2 TSE AX 50 COUPES,T2,Ax,,,,,,
T2 TSE AX 5mm,T2,Ax,,,,,,
T2 TSE CORO 4.5mm_ORIG,T2,Cor,,,,,,
T2 TSE SAG,T2,Sag,,,,,,
T2 TSE SAG# PFOV PAT_ORIG,T2,Sag,,,,,,
T2 TSE SAG_FIL,T2,Sag,,,,,,
T2 TSE TRA 4.5mm_ORIG,T2,,,,,,,
Time to Peak -,,,,,,,screenshot,
WATER 3D T1 gADO,T1,,3D,1,1,,,
WATER 3D T1 gado,T1,,3D,1,1,,,
WATER 3D T1 gd ch,T1,,3D,,1,,,
WATER 3D T1 gd ch GA,T1,,3D,1,1,,,
WATER 3D T1 gd ch gado,T1,,3D,1,1,,,
WATER 3D T1 gd ch GADO,T1,,3D,1,1,,,
WATER 3D T1 gd ch,T1,,3D,,1,,,
WATER 3D T1 gd ch GADO,T1,,3D,1,1,,,
WATER 3D T1 gd ch gado,T1,,3D,1,1,,,
WATER 3D T1 pt chp,T1,,3D,,1,,,
WATER 3D T1 pt chp GADO,T1,,3D,1,1,,,
WATER Ax LAVA HR-FLEX IV-,T1,Ax,3D,,1,,,
WATER Ax LAVA HR-FLEX TARDIF,T1,Ax,3D,1,1,,,
WATER Ax LAVA-Flex,T1,Ax,3D,,1,,,
WATER Ax LAVA-FLEX,T1,Ax,3D,,1,,,
WATER AX LAVA-Flex,T1,Ax,3D,,1,,,
WATER AX LAVA-Flex gado,T1,Ax,3D,1,1,,,
WATER Ax LAVA-Flex GADO,T1,Ax,3D,1,1,,,
WATER Ax LAVA-FLEX gado,T1,Ax,3D,1,1,,,
WATER Ax LAVA-Flex gado,T1,Ax,3D,1,1,,,
WATER Ax LAVA-Flex HR,T1,Ax,3D,,1,,,
WATER Ax LAVA-FLEX HR 2014,T1,Ax,3D,,1,,,
WATER Ax LAVA-Flex HR GADO,T1,Ax,3D,1,1,,,
WATER Ax LAVA-Flex HR gado,T1,Ax,3D,1,1,,,
WATER Ax LAVA-FLEX IV,T1,Ax,3D,,1,,,
WATER Ax LAVA-FLEX IV-,T1,Ax,3D,,1,,,
WATER Ax LAVA-Flex NPW GADO,T1,Ax,3D,1,1,,,
WATER Ax LAVA-Flex PELVIS,T1,Ax,3D,,1,,,
WATER Ax LAVA-Flex rapide,T1,Ax,3D,,1,,,
WATER Ax LAVA-Flex rapide GADO,T1,Ax,3D,1,1,,,
WATER Ax LAVA-FLEX TARDIVE,T1,Ax,3D,1,1,,,
WATER Cor LAVA-Flex Gado,T1,Cor,3D,1,1,,,
WATER GADO Ax LAVA-FLEX,T1,Ax,3D,1,1,,,
WATER Sag LAVA-Flex gado,T1,Sag,3D,1,1,,,
WATER SAG LAVA-Flex TARDIF,T1,Sag,3D,1,1,,,
WATER WATER 3D T1 gd ch gado,T1,3D,3D,1,1,,,
WATER AX 3D T1 FLEX,T1,Ax,3D,,1,,,
WATER AX 3D T1 FLEX GADO,T1,Ax,3D,1,1,,,
WATER Ax IPOP FLEX,T1,Ax,,,1,,,
WATER Ax LAVA TARDIF,T1,Ax,3D,1,1,,,
WATER Ax LAVA-ART-FLEX,T1,Ax,3D,1,1,,,
WATER Ax LAVA-FLEX,T1,Ax,3D,,1,,,
WATER Ax LAVA-Flex DYN,T1,Ax,3D,1,1,,perf,
WATER Ax LAVA-Flex TARDIF,T1,Ax,3D,1,1,,,
WATER Ax LAVA-VEINEUX-FLEX,T1,Ax,3D,1,1,,,
WATER corLAVA-Flex Tardif,T1,Cor,3D,1,1,,,
WATER Cor LAVA-Flex TARDIF,T1,Cor,3D,1,1,,,
WATER GADO Ax LAVA-FLEX,T1,Ax,3D,,1,,,
WATER Ph1/Ax LAVA-Flex DYN,T1,Ax,3D,1,1,,,
WATER Ph2/Ax LAVA-Flex DYN,T1,Ax,3D,1,1,,,
WATER Ph3/Ax LAVA-Flex DYN,T1,Ax,3D,1,1,,,
